ours,wp,gpw
0.8875331479584192,0.656517791311219,0.6166862039658865
19221.255471180404,27135.15194848086,37202.70676459831
